Pedigree,line,tester,Status,replication,block,Site,PLTHTM,EARHTM,DAYSHD,DAYSLK,ASI,EHARV,EASP,EAROT,ROTLDG,STLDG,HSKCVR,PASP,STR,RUST,BLGHT,CURV,GYD
F1,,8,Parent,1,6,1,154,67,57,61,4,16,2,1,1,1,2,2,1,1,1,1,5.67
F1,,8,Parent,2,2,1,176,88,55,63,8,14,2,1,1,1,1,2,1,2,2,2,5.51
F2,,9,Parent,1,9,1,166,86,56,61,5,16,3,1,1,1,2,2,1,1,1,1,3.31
F2,,9,Parent,2,6,1,153,93,55,57,2,16,3,2,2,1,1,3,2,2,3,2,3.72
F3,,10,Parent,1,2,1,151,63,57,61,4,8,2,2,1,1,1,2,2,1,1,2,3.34
F3,,10,Parent,2,6,1,177,90,56,60,4,20,2,1,2,2,2,2,1,2,2,3,2.76
F4,,11,Parent,1,6,1,151,77,63,71,8,3,4,1,1,1,1,4,1,1,1,1,1.79
F4,,11,Parent,2,3,1,176,100,57,61,4,12,2,2,2,1,1,2,1,2,2,2,4.34
F5,,12,Parent,1,5,1,183,97,59,63,4,11,2,1,1,1,1,2,1,1,1,1,3.98
F5,,12,Parent,2,7,1,194,99,57,60,3,11,2,2,1,1,2,2,1,2,2,2,3.68
F6,,13,Parent,1,8,1,172,71,61,68,7,3,1,2,1,1,1,4,1,1,1,1,2.58
F6,,13,Parent,2,7,1,179,83,59,63,4,7,3,2,1,1,1,3,1,2,2,3,5.08
F7,,14,Parent,1,7,1,174,79,60,61,1,10,2,1,1,1,1,2,1,1,1,1,4.36
F7,,14,Parent,2,5,1,185,107,57,61,4,17,2,2,2,1,1,2,1,2,2,2,2.86
F8,,15,Parent,1,8,1,170,83,57,60,3,4,1,2,1,1,1,3,1,2,2,2,3.82
F8,,15,Parent,2,4,1,172,75,55,63,8,18,2,2,1,1,1,2,1,2,2,2,4.1
F9,,16,Parent,1,9,1,169,83,60,67,7,3,1,1,1,1,3,2,1,1,1,1,3.97
F9,,16,Parent,2,2,1,223,83,58,62,4,22,2,2,2,1,2,2,1,2,2,2,4.21
F10,,17,Parent,1,9,1,183,97,51,57,6,17,2,2,1,1,1,2,1,2,1,2,4.85
F10,,17,Parent,2,6,1,194,104,54,57,3,18,1,2,1,1,2,2,1,2,3,2,4.6
M1,1,,Parent,1,5,1,125,45,57,63,6,3,3,1,1,1,2,2,1,1,1,1,1.75
M1,1,,Parent,2,1,1,178,80,55,57,2,23,3,3,2,1,2,2,1,2,3,2,1.73
M2,2,,Parent,1,1,1,155,71,50,58,8,13,2,2,1,1,1,2,2,1,1,2,1.41
M2,2,,Parent,2,7,1,146,66,56,62,6,13,3,3,2,1,5,3,2,2,3,2,1.79
M3,3,,Parent,1,9,1,146,48,60,67,7,1,1,2,1,1,1,3,2,1,1,2,1.28
M3,3,,Parent,2,9,1,184,71,55,57,2,5,2,1,1,1,1,2,1,2,2,2,1.12
M4,4,,Parent,1,5,1,187,89,57,62,5,10,2,3,1,1,2,4,2,1,1,1,1.19
M4,4,,Parent,2,5,1,192,94,57,61,4,17,3,2,2,1,1,2,1,2,2,2,1.08
M5,5,,Parent,1,5,1,174,78,60,66,6,12,3,2,1,1,3,2,1,1,1,1,1.74
M5,5,,Parent,2,2,1,171,95,56,63,7,18,3,2,1,1,2,2,2,2,2,2,1.47
M6,6,,Parent,1,4,1,175,84,56,60,4,16,2,1,1,1,1,3,1,1,1,1,1.68
M6,6,,Parent,2,2,1,203,109,55,57,2,17,2,2,1,1,1,3,2,1,2,2,1.78
M7,7,,Parent,1,3,1,161,73,59,65,6,12,2,1,1,1,2,1,1,1,1,1,5.94
M7,7,,Parent,2,9,1,201,128,56,59,3,19,1,2,2,2,1,1,1,2,2,2,7.94
M1 X F1,1,8,Hybrid,1,5,1,155,63,60,66,6,11,3,2,1,1,1,2,1,1,2,2,4.77
M1 X F1,1,8,Hybrid,2,3,1,155,53,56,62,6,9,3,2,1,1,1,2,1,2,2,2,4.8
M1 X F2,1,9,Hybrid,1,3,1,176,80,59,64,5,13,3,2,1,1,1,2,2,2,2,1,2.46
M1 X F2,1,9,Hybrid,2,2,1,169,90,55,58,3,16,3,2,1,1,2,3,1,2,2,2,4.58
M1 X F3,1,10,Hybrid,1,9,1,151,60,59,66,7,16,2,1,1,1,1,3,1,1,1,1,4.32
M1 X F3,1,10,Hybrid,2,3,1,197,103,57,59,2,19,1,2,3,1,1,1,1,1,3,1,8.11
M1 X F4,1,11,Hybrid,1,8,1,168,75,57,62,5,11,1,1,1,1,1,2,1,1,1,1,4.28
M1 X F4,1,11,Hybrid,2,1,1,157,69,56,59,3,18,2,1,2,1,2,2,1,2,2,2,4.38
M1 X F5,1,12,Hybrid,1,7,1,177,81,49,54,5,12,2,2,2,3,1,4,1,2,2,2,4.65
M1 X F5,1,12,Hybrid,2,2,1,150,60,56,62,6,13,2,1,2,1,1,2,1,2,2,2,3.6
M1 X F6,1,13,Hybrid,1,4,1,177,80,57,62,5,15,2,2,1,1,3,4,1,1,1,1,3.35
M1 X F6,1,13,Hybrid,2,9,1,213,100,58,62,4,17,2,1,3,1,1,2,1,2,2,2,4.27
M1 X F7,1,14,Hybrid,1,1,1,184,80,57,61,4,12,2,1,1,1,3,2,1,1,1,1,3.36
M1 X F7,1,14,Hybrid,2,7,1,154,83,56,57,1,18,2,2,1,1,1,1,1,2,3,2,6.04
M1 X F8,1,15,Hybrid,1,4,1,179,84,49,56,7,17,2,1,1,2,1,2,1,1,1,2,3.06
M1 X F8,1,15,Hybrid,2,6,1,161,71,55,59,4,14,3,4,2,2,3,3,1,2,3,2,4.04
M1 X F9,1,16,Hybrid,1,1,1,172,75,57,58,1,15,2,1,1,1,1,2,1,1,1,1,4.19
M1 X F9,1,16,Hybrid,2,4,1,196,67,56,58,2,17,2,2,2,1,2,2,1,2,2,2,7.85
M1 X F10,1,17,Hybrid,1,5,1,152,60,56,63,7,7,2,1,1,1,1,4,1,1,1,1,3.02
M1 X F10,1,17,Hybrid,2,6,1,173,92,55,57,2,18,2,1,2,1,1,2,2,2,2,2,8.34
M2 X F1,2,8,Hybrid,1,8,1,150,58,57,62,5,2,2,2,1,1,2,2,1,2,1,2,6.95
M2 X F1,2,8,Hybrid,2,8,1,211,102,54,56,2,15,2,2,2,1,1,2,1,2,3,2,7.97
M2 X F2,2,9,Hybrid,1,7,1,150,49,60,66,6,4,2,2,1,1,2,4,2,2,1,2,4.78
M2 X F2,2,9,Hybrid,2,3,1,190,86,56,60,4,20,2,2,2,1,1,2,1,2,2,2,3.58
M2 X F3,2,10,Hybrid,1,8,1,141,36,64,68,4,7,3,2,1,1,1,2,2,2,1,1,4.2
M2 X F3,2,10,Hybrid,2,9,1,184,92,55,57,2,11,2,2,2,1,1,2,2,2,3,2,8.2
M2 X F4,2,11,Hybrid,1,6,1,170,77,57,62,5,11,2,2,1,2,1,2,1,1,1,1,4.48
M2 X F4,2,11,Hybrid,2,5,1,161,79,58,61,3,7,2,1,2,1,1,3,1,2,2,2,3.66
M2 X F5,2,12,Hybrid,1,6,1,149,55,59,66,7,3,3,1,1,1,2,3,2,1,2,2,3.69
M2 X F5,2,12,Hybrid,2,7,1,162,103,55,57,2,24,2,2,1,1,1,2,2,4,3,2,7.21
M2 X F6,2,13,Hybrid,1,3,1,178,85,60,66,6,14,4,2,2,2,2,4,2,1,1,1,6.15
M2 X F6,2,13,Hybrid,2,8,1,198,95,58,62,4,15,2,1,1,1,1,1,1,1,1,2,8.83
M2 X F7,2,14,Hybrid,1,7,1,187,78,57,61,4,14,2,1,1,1,3,2,1,1,1,1,6.28
M2 X F7,2,14,Hybrid,2,1,1,196,104,57,62,5,15,3,2,2,1,1,2,2,2,3,2,4.48
M2 X F8,2,15,Hybrid,1,1,1,143,63,64,70,6,4,3,2,1,1,1,3,2,2,2,1,5.31
M2 X F8,2,15,Hybrid,2,3,1,126,87,60,64,4,11,3,3,2,2,1,2,1,2,3,2,8.2
M2 X F9,2,16,Hybrid,1,8,1,175,85,57,61,4,10,2,1,1,1,2,3,1,1,1,1,6.86
M2 X F9,2,16,Hybrid,2,5,1,162,76,55,60,5,11,2,2,1,2,2,2,1,2,2,2,6.22
M2 X F10,2,17,Hybrid,1,2,1,182,77,56,60,4,9,2,1,1,1,1,3,1,1,1,1,3.66
M2 X F10,2,17,Hybrid,2,7,1,164,82,59,63,4,4,2,1,1,1,2,2,1,2,2,2,4.77
M3 X F1,3,8,Hybrid,1,3,1,167,71,64,69,5,1,3,2,1,1,1,4,2,1,1,1,5.46
M3 X F1,3,8,Hybrid,2,5,1,169,92,55,58,3,13,3,2,1,1,1,3,1,3,2,2,7.14
M3 X F2,3,9,Hybrid,1,1,1,155,74,57,62,5,8,1,1,1,1,1,2,2,2,1,2,9.25
M3 X F2,3,9,Hybrid,2,6,1,114,74,58,63,5,12,2,1,2,1,1,2,1,2,2,2,9.53
M3 X F3,3,10,Hybrid,1,4,1,160,62,60,67,7,11,3,1,1,1,2,4,1,1,1,1,5.51
M3 X F3,3,10,Hybrid,2,4,1,196,104,57,60,3,16,2,2,1,1,1,2,1,3,3,2,6.25
M3 X F4,3,11,Hybrid,1,9,1,131,47,57,64,7,16,2,1,1,1,1,2,1,1,1,1,6.03
M3 X F4,3,11,Hybrid,2,8,1,168,63,60,63,3,16,2,1,2,1,1,2,1,2,2,2,7.23
M3 X F5,3,12,Hybrid,1,5,1,151,55,56,60,4,7,2,1,1,1,2,3,1,1,1,1,7.06
M3 X F5,3,12,Hybrid,2,8,1,171,83,59,61,2,4,3,2,1,1,1,1,1,1,3,2,7.35
M3 X F6,3,13,Hybrid,1,1,1,182,85,56,59,3,12,2,1,1,1,1,2,1,1,1,1,5.52
M3 X F6,3,13,Hybrid,2,5,1,154,87,55,58,3,19,2,3,2,1,2,2,1,2,2,2,6.03
M3 X F7,3,14,Hybrid,1,7,1,164,71,59,62,3,7,3,1,1,1,2,3,1,1,1,1,5.92
M3 X F7,3,14,Hybrid,2,8,1,188,100,52,56,4,11,2,2,2,1,1,2,1,2,3,2,8.89
M3 X F8,3,15,Hybrid,1,4,1,126,38,61,65,4,1,3,2,1,1,3,4,1,2,2,2,3.78
M3 X F8,3,15,Hybrid,2,8,1,133,48,60,63,3,9,3,2,2,2,1,3,1,2,2,2,4.91
M3 X F9,3,16,Hybrid,1,1,1,141,50,60,66,6,4,3,1,1,1,2,2,2,2,2,2,3.68
M3 X F9,3,16,Hybrid,2,1,1,181,69,54,63,4,17,2,1,1,1,3,3,2,3,3,2,4.66
M3 X F10,3,17,Hybrid,1,9,1,171,77,58,63,5,2,3,1,1,1,1,4,1,1,1,1,4.37
M3 X F10,3,17,Hybrid,2,4,1,164,78,59,63,4,3,4,3,2,2,1,4,1,3,3,2,3.83
M4 X F1,4,8,Hybrid,1,2,1,190,74,49,54,5,18,1,2,1,2,1,2,1,2,2,1,9.09
M4 X F1,4,8,Hybrid,2,3,1,175,91,58,63,5,16,2,1,1,1,1,2,1,2,2,2,7.06
M4 X F2,4,9,Hybrid,1,4,1,150,57,56,60,4,6,2,2,1,1,1,2,1,1,1,2,7.42
M4 X F2,4,9,Hybrid,2,5,1,162,81,55,61,6,19,2,2,2,1,2,2,2,2,3,2,6.45
M4 X F3,4,10,Hybrid,1,9,1,164,80,61,67,6,4,3,1,1,1,3,4,1,1,1,1,5.99
M4 X F3,4,10,Hybrid,2,7,1,202,87,55,58,3,16,2,2,2,1,2,2,1,2,2,2,8.46
M4 X F4,4,11,Hybrid,1,8,1,161,70,56,59,3,7,1,2,1,1,1,2,2,1,2,2,8.11
M4 X F4,4,11,Hybrid,2,3,1,147,60,56,62,6,15,2,2,1,1,2,2,1,2,2,3,8.18
M4 X F5,4,12,Hybrid,1,5,1,168,70,57,63,6,6,3,1,1,1,2,4,1,1,1,1,4.04
M4 X F5,4,12,Hybrid,2,4,1,159,76,55,57,2,10,3,2,1,1,2,3,1,2,2,2,6.08
M4 X F6,4,13,Hybrid,1,7,1,182,92,50,52,2,12,2,1,2,2,1,2,1,2,1,2,5.91
M4 X F6,4,13,Hybrid,2,6,1,180,93,56,62,6,20,2,1,1,1,2,2,1,1,2,2,5.38
M4 X F7,4,14,Hybrid,1,4,1,211,111,63,69,6,12,2,2,1,1,2,2,1,1,2,2,6.27
M4 X F7,4,14,Hybrid,2,3,1,176,90,57,59,2,9,2,2,1,1,2,2,2,2,2,2,8.21
M4 X F8,4,15,Hybrid,1,6,1,183,81,57,65,8,7,2,1,1,1,2,2,1,1,2,1,6.62
M4 X F8,4,15,Hybrid,2,4,1,168,62,61,64,3,13,3,2,2,1,1,3,1,2,3,2,4.07
M4 X F9,4,16,Hybrid,1,5,1,164,73,57,62,5,17,1,2,1,1,1,1,1,1,1,2,6.04
M4 X F9,4,16,Hybrid,2,2,1,183,80,55,58,3,21,1,2,2,1,2,1,2,2,2,2,8.73
M4 X F10,4,17,Hybrid,1,9,1,185,88,60,66,6,10,2,3,1,1,3,2,1,1,1,2,7.38
M4 X F10,4,17,Hybrid,2,5,1,165,93,59,62,3,6,2,2,1,1,1,2,2,2,2,2,6.54
M5 X F1,5,8,Hybrid,1,1,1,161,71,60,67,7,11,2,1,1,1,2,4,1,1,1,1,6.77
M5 X F1,5,8,Hybrid,2,8,1,172,84,58,61,3,15,2,2,1,1,1,3,2,1,2,2,8.23
M5 X F2,5,9,Hybrid,1,5,1,191,99,56,60,4,22,2,2,1,1,1,2,1,2,2,1,5.38
M5 X F2,5,9,Hybrid,2,8,1,177,82,56,59,3,8,1,1,1,1,1,1,2,2,2,2,7.46
M5 X F3,5,10,Hybrid,1,3,1,172,74,58,61,3,11,1,2,1,2,3,1,1,1,2,1,6.8
M5 X F3,5,10,Hybrid,2,4,1,146,74,55,58,3,15,1,3,2,1,1,2,2,2,2,3,7.13
M5 X F4,5,11,Hybrid,1,2,1,152,68,61,67,6,3,2,1,1,1,3,4,1,1,1,1,7.33
M5 X F4,5,11,Hybrid,2,8,1,175,95,55,57,2,19,3,2,2,1,2,3,2,2,2,2,7.21
M5 X F5,5,12,Hybrid,1,7,1,142,63,60,67,7,6,3,1,1,1,1,2,2,2,1,2,4.46
M5 X F5,5,12,Hybrid,2,4,1,172,86,56,60,4,19,2,2,3,1,2,2,1,1,2,2,5.01
M5 X F6,5,13,Hybrid,1,3,1,148,56,60,66,6,4,3,2,1,1,2,3,2,2,1,1,4.46
M5 X F6,5,13,Hybrid,2,3,1,157,64,60,63,3,19,1,3,2,1,1,1,1,2,2,2,6.92
M5 X F7,5,14,Hybrid,1,6,1,169,64,60,65,5,9,1,2,1,1,2,1,2,1,1,1,7.34
M5 X F7,5,14,Hybrid,2,9,1,144,69,58,62,4,9,2,2,2,1,1,2,1,2,3,2,5.58
M5 X F8,5,15,Hybrid,1,6,1,177,78,56,60,4,15,1,2,1,1,1,1,2,2,1,2,6.92
M5 X F8,5,15,Hybrid,2,3,1,186,97,56,58,2,14,1,2,1,1,1,1,2,1,2,2,9.63
M5 X F9,5,16,Hybrid,1,1,1,182,85,60,63,3,13,2,2,1,1,2,2,2,1,1,1,5.76
M5 X F9,5,16,Hybrid,2,2,1,185,92,60,65,5,19,2,1,2,1,1,2,2,2,2,2,5.91
M5 X F10,5,17,Hybrid,1,4,1,156,55,59,67,8,6,3,1,1,1,2,3,2,1,1,2,5.52
M5 X F10,5,17,Hybrid,2,7,1,177,84,59,63,4,8,2,2,2,2,2,2,1,2,2,3,7.67
M6 X F1,6,8,Hybrid,1,3,1,134,54,60,65,5,14,1,2,1,1,1,1,1,2,1,2,5.73
M6 X F1,6,8,Hybrid,2,7,1,171,87,56,58,2,18,1,2,2,1,2,1,1,2,2,2,8.76
M6 X F2,6,9,Hybrid,1,8,1,172,80,56,63,7,9,1,1,1,1,3,1,1,1,1,1,6.77
M6 X F2,6,9,Hybrid,2,6,1,157,76,57,65,8,15,1,1,2,1,2,1,1,1,2,2,7.64
M6 X F3,6,10,Hybrid,1,3,1,148,65,60,67,7,9,2,1,2,2,2,2,1,1,1,1,5.43
M6 X F3,6,10,Hybrid,2,6,1,184,61,57,60,3,15,1,2,1,1,1,1,1,2,2,2,7.3
M6 X F4,6,11,Hybrid,1,6,1,161,78,57,60,3,9,2,1,1,1,1,1,1,1,1,2,5.53
M6 X F4,6,11,Hybrid,2,1,1,184,92,56,59,3,19,1,2,2,1,1,1,1,1,2,2,8.59
M6 X F5,6,12,Hybrid,1,3,1,165,78,59,64,5,9,2,2,1,1,1,2,2,2,1,2,5.8
M6 X F5,6,12,Hybrid,2,9,1,149,67,56,60,4,15,1,3,1,1,1,2,1,2,2,3,7.53
M6 X F6,6,13,Hybrid,1,9,1,183,95,57,63,6,10,2,1,2,2,1,3,1,1,1,1,3.08
M6 X F6,6,13,Hybrid,2,1,1,189,101,57,62,5,13,2,1,2,1,1,3,2,2,2,2,3.75
M6 X F7,6,14,Hybrid,1,2,1,172,73,57,62,5,12,1,2,1,1,2,1,2,1,1,2,7.68
M6 X F7,6,14,Hybrid,2,8,1,183,92,56,62,6,14,1,2,2,1,1,1,1,2,2,2,7.03
M6 X F8,6,15,Hybrid,1,2,1,183,80,57,60,3,14,1,1,1,1,1,1,2,2,1,2,7.91
M6 X F8,6,15,Hybrid,2,1,1,154,68,57,62,5,13,1,2,1,1,1,1,1,2,2,2,7.69
M6 X F9,6,16,Hybrid,1,6,1,151,59,60,66,6,2,1,1,1,1,2,1,1,1,1,1,8.3
M6 X F9,6,16,Hybrid,2,6,1,158,81,55,58,3,15,1,2,3,1,1,1,1,1,3,2,8.32
M6 X F10,6,17,Hybrid,1,8,1,156,81,46,53,7,4,1,2,1,1,1,1,1,1,1,2,7.04
M6 X F10,6,17,Hybrid,2,2,1,165,81,57,62,5,6,1,2,1,1,1,1,1,2,2,2,9.00
M7 X F1,7,8,Hybrid,1,2,1,163,83,60,67,7,11,1,1,1,1,1,2,1,1,1,1,5.3
M7 X F1,7,8,Hybrid,2,4,1,162,67,61,65,4,17,1,2,2,2,1,1,1,2,2,2,7.64
M7 X F2,7,9,Hybrid,1,2,1,144,59,61,68,7,3,1,1,1,1,2,1,1,1,1,1,8.93
M7 X F2,7,9,Hybrid,2,9,1,185,93,57,58,1,16,1,2,2,1,1,1,2,2,2,2,9.05
M7 X F5,7,12,Hybrid,1,4,1,161,66,60,66,6,6,3,1,1,1,1,2,1,2,1,2,4.72
M7 X F5,7,12,Hybrid,2,1,1,191,95,57,62,5,18,1,2,1,1,2,1,1,3,3,2,6.74
M7 X F9,7,16,Hybrid,1,7,1,171,85,56,61,5,11,1,1,1,1,1,1,1,1,1,1,6.22
M7 X F9,7,16,Hybrid,2,9,1,211,111,57,61,4,19,1,1,2,1,1,1,1,2,2,2,9.69
M7 X F10,7,17,Hybrid,1,8,1,148,73,57,61,4,2,2,1,2,2,2,2,2,1,1,2,5.75
M7 X F10,7,17,Hybrid,2,5,1,123,55,55,63,8,6,2,2,1,1,1,3,1,2,3,3,4.89
CH1,,,Check,1,2,1,173,81,53,57,4,10,2,2,1,1,1,3,1,2,1,2,4.05
CH1,,,Check,2,5,1,170,83,55,63,8,16,2,2,2,1,2,2,1,2,2,2,5.36
CH2,,,Check,1,2,1,153,59,60,67,7,3,1,1,1,1,3,4,1,1,1,1,5.23
CH2,,,Check,2,2,1,193,99,56,59,3,14,2,2,2,1,1,2,1,1,2,2,4.79
LC,,,Check,1,1,1,164,80,57,63,6,11,2,1,1,1,1,2,1,1,1,1,3.84
LC,,,Check,2,9,1,152,70,56,57,1,16,2,2,2,1,1,2,1,2,2,2,2.96
LC1,,,Check,1,3,1,148,57,64,70,6,1,3,1,1,1,2,4,1,1,1,2,3.23
LC1,,,Check,2,1,1,141,67,61,64,3,12,3,2,4,2,2,3,2,2,3,3,4.01
LC2,,,Check,1,4,1,165,67,64,69,5,3,2,1,1,1,1,2,2,2,2,1,3.31
LC2,,,Check,2,1,1,195,86,58,62,4,13,2,2,2,1,1,2,2,2,2,2,4.32
LC3,,,Check,1,7,1,194,99,60,65,5,3,4,2,1,1,2,3,2,1,1,1,3.79
LC3,,,Check,2,4,1,170,81,56,58,2,19,3,4,1,1,2,3,1,4,3,2,4.15
LC4,,,Check,1,6,1,164,77,60,63,3,8,1,2,1,1,2,2,1,1,1,1,4.82
LC4,,,Check,2,8,1,152,76,55,57,2,14,2,2,1,1,1,3,1,1,3,2,3.53
LC5,,,Check,1,7,1,175,82,56,60,4,13,3,1,1,1,1,2,1,1,1,1,2.98
LC5,,,Check,2,7,1,165,70,55,58,3,14,2,3,2,1,2,2,1,2,3,3,3.6
F1,,8,Parent,1,6,2,152,67,63,69,6,8,1,2,1,1,1,2,1,2,2,2,4.84
F1,,8,Parent,2,2,2,173,73,55,60,5,13,2,1,1,1,2,2,2,2,3,2,4.41
F2,,9,Parent,1,9,2,190,85,46,53,7,6,3,1,1,2,1,2,1,1,1,2,4.01
F2,,9,Parent,2,6,2,184,90,58,64,6,19,2,2,1,1,2,2,1,2,2,2,4.33
F3,,10,Parent,1,2,2,133,50,60,67,7,2,3,1,1,1,1,4,1,1,1,1,2.72
F3,,10,Parent,2,6,2,156,73,57,61,4,8,3,2,2,1,1,3,1,2,3,2,3.75
F4,,11,Parent,1,6,2,152,60,60,66,6,11,2,2,1,1,1,2,2,1,1,2,4.48
F4,,11,Parent,2,3,2,152,72,55,61,6,16,2,1,2,1,2,2,2,2,3,2,4.44
F5,,12,Parent,1,5,2,176,80,57,66,9,8,2,2,1,1,3,2,2,1,2,1,5.72
F5,,12,Parent,2,7,2,186,93,55,57,2,8,3,2,2,1,1,2,1,2,2,2,4.03
F6,,13,Parent,1,8,2,169,70,57,63,6,8,2,1,1,1,1,2,2,2,1,2,4.71
F6,,13,Parent,2,7,2,129,84,58,62,4,15,2,2,1,1,1,2,2,2,2,2,4.67
F7,,14,Parent,1,7,2,164,87,57,65,8,13,2,3,1,1,1,2,1,1,1,2,5.7
F7,,14,Parent,2,5,2,203,104,55,57,2,13,2,1,2,1,1,2,2,2,2,2,4.9
F8,,15,Parent,1,8,2,168,82,49,53,4,10,3,2,2,2,2,4,1,2,1,2,3.82
F8,,15,Parent,2,4,2,145,73,57,62,5,14,2,1,1,1,1,2,1,3,3,3,5.77
F9,,16,Parent,1,9,2,176,73,58,63,5,17,2,1,1,1,1,2,1,1,1,1,5.64
F9,,16,Parent,2,2,2,183,95,57,59,2,13,3,1,2,1,1,1,1,2,2,2,4.98
F10,,17,Parent,1,9,2,171,70,57,66,9,15,2,2,1,1,3,2,1,1,2,1,5.29
F10,,17,Parent,2,6,2,188,91,55,57,2,12,2,2,2,1,2,2,2,2,2,2,4.97
M1,1,,Parent,1,5,2,153,70,55,60,5,13,2,2,1,1,1,2,1,1,2,2,1.00
M1,1,,Parent,2,1,2,149,66,56,64,8,16,2,1,2,1,1,2,2,2,2,2,1.85
M2,2,,Parent,1,1,2,160,74,57,65,8,2,5,2,1,1,1,4,1,2,1,2,1.25
M2,2,,Parent,2,7,2,164,85,58,62,4,7,2,1,2,1,2,2,1,2,2,2,1.47
M3,3,,Parent,1,9,2,167,72,60,65,5,7,3,2,1,1,1,2,2,1,1,2,1.37
M3,3,,Parent,2,9,2,175,82,55,61,6,16,2,1,1,1,1,2,1,2,2,2,1.21
M4,4,,Parent,1,5,2,187,82,57,63,6,25,2,1,1,1,1,4,1,1,2,1,1.11
M4,4,,Parent,2,5,2,104,59,57,61,4,17,2,1,3,1,1,2,1,2,2,2,1.04
M5,5,,Parent,1,5,2,154,61,57,63,6,3,3,1,1,1,1,2,1,1,1,1,1.65
M5,5,,Parent,2,2,2,197,107,55,58,3,16,2,2,1,1,1,2,1,2,2,2,1.87
M6,6,,Parent,1,4,2,203,76,57,61,4,21,2,2,1,1,1,3,1,1,1,1,1.01
M6,6,,Parent,2,2,2,178,102,53,56,3,18,2,2,2,1,1,3,2,2,2,2,1.04
M7,7,,Parent,1,3,2,154,56,57,60,3,5,1,2,1,1,1,1,2,1,1,2,8.92
M7,7,,Parent,2,9,2,180,68,57,62,5,16,1,1,1,1,1,1,1,2,2,2,8.7
M1 X F1,1,8,Hybrid,1,5,2,156,63,60,66,6,10,2,1,1,1,3,3,1,1,1,1,6.62
M1 X F1,1,8,Hybrid,2,3,2,155,53,57,61,4,10,4,4,2,2,1,3,1,2,3,2,2.06
M1 X F2,1,9,Hybrid,1,3,2,159,70,56,61,5,14,2,1,1,1,1,2,1,1,1,1,5.97
M1 X F2,1,9,Hybrid,2,2,2,163,66,58,62,4,9,2,2,1,1,2,2,1,2,2,2,6.96
M1 X F3,1,10,Hybrid,1,9,2,183,90,59,62,3,11,2,1,1,1,2,3,1,1,1,1,5.16
M1 X F3,1,10,Hybrid,2,3,2,178,85,60,64,4,7,1,2,2,1,1,1,1,1,2,2,7.45
M1 X F4,1,11,Hybrid,1,8,2,168,71,56,60,4,11,2,2,1,1,1,2,2,1,2,2,5.47
M1 X F4,1,11,Hybrid,2,1,2,163,80,58,62,4,15,3,1,2,2,1,3,1,2,3,2,6.15
M1 X F5,1,12,Hybrid,1,7,2,169,76,60,66,6,11,2,1,1,1,2,2,1,1,1,1,5.46
M1 X F5,1,12,Hybrid,2,2,2,189,99,55,58,3,19,3,2,2,1,1,3,1,2,2,2,7.8
M1 X F6,1,13,Hybrid,1,4,2,157,65,59,66,7,5,2,1,1,1,1,2,1,2,2,2,5.47
M1 X F6,1,13,Hybrid,2,9,2,186,103,56,62,6,13,2,2,2,2,2,2,1,2,3,2,9.68
M1 X F7,1,14,Hybrid,1,1,2,180,41,57,63,6,2,1,1,1,1,1,3,1,1,1,1,6.73
M1 X F7,1,14,Hybrid,2,7,2,173,93,60,63,3,12,2,2,1,1,1,2,1,2,2,2,8.12
M1 X F8,1,15,Hybrid,1,4,2,157,63,64,70,6,5,2,2,1,1,1,4,2,1,1,2,4.87
M1 X F8,1,15,Hybrid,2,6,2,152,63,60,63,3,11,2,1,1,1,2,2,2,2,3,2,5.24
M1 X F9,1,16,Hybrid,1,1,2,155,71,57,61,4,15,3,1,1,1,2,2,1,1,1,1,5.26
M1 X F9,1,16,Hybrid,2,4,2,201,160,55,59,4,17,2,2,2,1,1,2,2,2,2,2,9.43
M1 X F10,1,17,Hybrid,1,5,2,173,69,60,63,3,12,2,3,1,1,1,2,1,1,2,1,6.81
M1 X F10,1,17,Hybrid,2,6,2,200,114,56,58,2,13,2,1,1,1,1,2,1,2,3,2,8.14
M2 X F1,2,8,Hybrid,1,8,2,148,58,63,67,4,2,2,1,1,1,2,2,1,1,1,1,5.29
M2 X F1,2,8,Hybrid,2,8,2,180,88,56,59,3,12,2,1,1,1,2,2,2,2,2,2,7.36
M2 X F2,2,9,Hybrid,1,7,2,142,67,58,60,2,16,3,1,1,1,3,2,1,1,1,1,3.28
M2 X F2,2,9,Hybrid,2,3,2,175,81,57,61,4,13,3,3,1,1,1,1,1,3,3,2,4.8
M2 X F3,2,10,Hybrid,1,8,2,143,59,64,67,3,7,2,2,1,1,1,3,2,2,2,2,5.12
M2 X F3,2,10,Hybrid,2,9,2,191,101,55,60,5,18,2,1,2,1,1,2,1,2,2,2,8.21
M2 X F4,2,11,Hybrid,1,6,2,168,51,60,66,6,9,2,1,1,1,1,3,1,1,1,1,6.15
M2 X F4,2,11,Hybrid,2,5,2,158,75,56,59,3,11,3,2,2,1,2,2,1,2,3,2,8.41
M2 X F5,2,12,Hybrid,1,6,2,155,67,60,66,6,9,3,1,1,1,1,2,2,2,1,2,1.05
M2 X F5,2,12,Hybrid,2,7,2,136,79,56,62,6,12,2,1,1,1,2,2,2,2,2,2,1.53
M2 X F6,2,13,Hybrid,1,3,2,180,79,57,60,3,7,1,2,1,1,1,2,2,2,1,2,8.89
M2 X F6,2,13,Hybrid,2,8,2,158,74,57,64,7,8,2,1,1,1,1,2,1,2,2,2,7.8
M2 X F7,2,14,Hybrid,1,7,2,179,87,57,63,6,7,2,2,1,1,3,2,2,1,1,2,5.56
M2 X F7,2,14,Hybrid,2,1,2,194,104,56,58,2,13,2,2,1,1,2,2,1,3,2,2,5.76
M2 X F8,2,15,Hybrid,1,1,2,142,61,60,66,6,4,2,2,1,1,1,4,2,1,2,2,6.99
M2 X F8,2,15,Hybrid,2,3,2,168,86,60,62,2,14,2,1,1,1,1,2,1,2,2,2,8.59
M2 X F9,2,16,Hybrid,1,8,2,177,71,60,66,6,4,3,2,1,1,3,2,1,1,2,2,4.22
M2 X F9,2,16,Hybrid,2,5,2,169,83,56,58,2,13,3,1,2,1,1,3,1,2,2,2,5.69
M2 X F10,2,17,Hybrid,1,2,2,147,59,60,66,6,7,3,1,1,1,2,2,2,1,2,2,5.8
M2 X F10,2,17,Hybrid,2,7,2,158,81,55,59,4,16,2,3,2,2,2,2,1,2,3,2,8.25
M3 X F1,3,8,Hybrid,1,3,2,175,95,57,63,6,8,2,2,1,1,2,4,1,1,1,1,4.83
M3 X F1,3,8,Hybrid,2,5,2,183,96,56,58,2,19,3,2,2,1,1,3,2,2,2,2,3.78
M3 X F2,3,9,Hybrid,1,1,2,171,69,57,61,4,11,2,1,1,1,2,2,1,1,1,1,4.59
M3 X F2,3,9,Hybrid,2,6,2,171,83,56,58,2,9,2,2,2,1,1,2,1,2,2,2,7.06
M3 X F3,3,10,Hybrid,1,4,2,171,69,55,61,6,12,2,1,1,1,1,2,2,1,1,2,6.35
M3 X F3,3,10,Hybrid,2,4,2,180,76,59,62,3,11,2,2,1,1,1,2,2,2,2,2,6.3
M3 X F4,3,11,Hybrid,1,9,2,165,70,59,66,7,11,1,2,3,2,1,3,2,1,1,1,8.35
M3 X F4,3,11,Hybrid,2,8,2,174,85,56,59,3,13,2,3,2,1,1,2,1,2,3,2,7.85
M3 X F5,3,12,Hybrid,1,5,2,168,81,60,66,6,9,2,1,1,1,2,2,1,1,1,1,5.16
M3 X F5,3,12,Hybrid,2,8,2,187,93,57,61,4,15,3,2,2,1,1,2,2,2,2,2,7.02
M3 X F6,3,13,Hybrid,1,1,2,136,56,64,71,7,1,2,2,1,1,3,4,1,2,1,2,5.51
M3 X F6,3,13,Hybrid,2,5,2,,,,,,,,,,,,,,,,,
M3 X F7,3,14,Hybrid,1,7,2,170,73,54,57,3,11,2,2,2,2,1,3,1,1,1,2,6.48
M3 X F7,3,14,Hybrid,2,8,2,149,73,55,60,5,18,2,2,2,1,2,2,3,2,2,2,6.32
M3 X F8,3,15,Hybrid,1,4,2,168,79,57,61,4,13,2,1,1,1,1,4,1,1,1,1,6.28
M3 X F8,3,15,Hybrid,2,8,2,180,79,58,63,5,12,2,1,2,2,1,2,1,1,2,2,9.25
M3 X F9,3,16,Hybrid,1,1,2,147,67,60,66,6,3,4,2,1,1,1,3,2,2,2,2,5.93
M3 X F9,3,16,Hybrid,2,1,2,165,84,55,57,2,15,2,2,2,2,2,2,2,2,2,2,7.28
M3 X F10,3,17,Hybrid,1,9,2,168,70,56,60,4,11,1,2,1,1,1,2,2,2,1,1,8.53
M3 X F10,3,17,Hybrid,2,4,2,179,87,56,63,7,16,2,1,1,1,2,2,1,2,2,2,8.71
M4 X F1,4,8,Hybrid,1,2,2,170,75,59,66,7,6,3,1,1,1,3,2,1,1,1,1,3.45
M4 X F1,4,8,Hybrid,2,3,2,180,97,56,58,2,8,3,2,2,1,1,2,1,3,3,2,5.08
M4 X F2,4,9,Hybrid,1,4,2,117,57,57,60,3,5,2,1,1,1,1,2,2,2,1,2,6.78
M4 X F2,4,9,Hybrid,2,5,2,101,78,58,64,6,15,2,2,1,1,1,2,1,2,2,2,7.61
M4 X F3,4,10,Hybrid,1,9,2,176,86,65,70,5,10,3,1,1,1,1,2,1,1,1,1,5.78
M4 X F3,4,10,Hybrid,2,7,2,108,94,60,63,3,18,2,2,2,1,2,2,1,2,3,2,7.15
M4 X F4,4,11,Hybrid,1,8,2,152,61,59,64,5,15,1,1,1,1,1,3,1,1,1,1,7.43
M4 X F4,4,11,Hybrid,2,3,2,190,101,57,62,5,17,2,2,2,2,1,2,1,2,3,2,9.03
M4 X F5,4,12,Hybrid,1,5,2,150,57,63,67,4,3,3,1,1,1,2,4,2,1,1,2,4.34
M4 X F5,4,12,Hybrid,2,4,2,160,72,57,62,5,7,3,3,1,1,2,2,1,2,3,2,4.89
M4 X F6,4,13,Hybrid,1,7,2,176,72,57,60,3,8,2,2,1,1,1,2,1,2,2,2,6.64
M4 X F6,4,13,Hybrid,2,6,2,102,64,56,61,5,15,3,2,1,1,2,3,2,2,2,2,4.72
M4 X F7,4,14,Hybrid,1,4,2,165,64,65,69,4,5,3,2,1,1,1,3,1,1,2,2,5.61
M4 X F7,4,14,Hybrid,2,3,2,162,74,55,57,2,16,3,4,2,1,2,2,1,2,2,2,6.43
M4 X F8,4,15,Hybrid,1,6,2,172,86,57,61,4,18,2,1,1,1,2,2,1,1,1,1,6.65
M4 X F8,4,15,Hybrid,2,4,2,195,90,55,57,2,22,3,2,1,1,1,2,2,2,3,2,8.98
M4 X F9,4,16,Hybrid,1,5,2,174,95,57,60,3,9,1,1,1,1,1,1,1,1,1,1,6.23
M4 X F9,4,16,Hybrid,2,2,2,153,72,57,61,4,19,1,2,2,1,1,1,2,2,2,3,6.6
M4 X F10,4,17,Hybrid,1,9,2,144,56,60,65,5,4,3,1,1,1,2,4,2,1,2,2,3.4
M4 X F10,4,17,Hybrid,2,5,2,159,90,60,64,4,17,3,3,2,1,1,3,1,2,3,2,4.76
M5 X F1,5,8,Hybrid,1,1,2,164,73,56,60,4,17,2,1,1,1,1,2,1,1,1,1,6.49
M5 X F1,5,8,Hybrid,2,8,2,168,97,56,63,7,17,2,2,2,1,1,2,1,2,3,2,6.72
M5 X F2,5,9,Hybrid,1,5,2,171,79,57,63,6,3,3,1,2,3,1,4,1,1,1,1,4.64
M5 X F2,5,9,Hybrid,2,8,2,143,63,56,59,3,12,3,3,1,1,1,3,1,2,2,2,5.71
M5 X F3,5,10,Hybrid,1,3,2,156,78,58,63,5,17,2,1,2,2,1,2,1,1,1,1,5.47
M5 X F3,5,10,Hybrid,2,4,2,167,90,58,62,4,10,2,2,1,1,2,2,1,2,3,2,5.66
M5 X F4,5,11,Hybrid,1,2,2,146,59,60,66,6,2,3,2,1,1,1,4,1,1,2,2,4.75
M5 X F4,5,11,Hybrid,2,8,2,154,72,58,62,4,8,3,2,2,1,1,3,1,2,2,2,5.14
M5 X F5,5,12,Hybrid,1,7,2,167,65,60,66,6,6,2,2,1,1,1,2,1,2,2,2,7.33
M5 X F5,5,12,Hybrid,2,4,2,174,86,57,62,5,13,2,2,1,1,2,2,2,2,3,2,8.91
M5 X F6,5,13,Hybrid,1,3,2,186,89,56,62,6,14,2,3,1,1,1,1,1,1,1,2,5.89
M5 X F6,5,13,Hybrid,2,3,2,187,106,55,59,4,8,2,1,3,1,2,1,1,2,2,2,6.23
M5 X F7,5,14,Hybrid,1,6,2,167,83,56,62,6,12,2,1,1,1,3,2,1,1,1,1,5.43
M5 X F7,5,14,Hybrid,2,9,2,202,87,56,58,2,14,2,2,2,1,1,1,1,2,1,2,8.89
M5 X F8,5,15,Hybrid,1,6,2,165,75,56,60,4,11,1,1,1,1,1,1,1,1,1,1,8.75
M5 X F8,5,15,Hybrid,2,3,2,189,90,59,62,3,14,1,1,1,1,1,1,1,2,2,2,7.75
M5 X F9,5,16,Hybrid,1,1,2,175,76,53,57,4,6,1,1,2,2,1,1,1,1,1,2,6.57
M5 X F9,5,16,Hybrid,2,2,2,167,88,55,62,7,18,1,1,2,1,1,1,3,2,3,2,7.16
M5 X F10,5,17,Hybrid,1,4,2,169,77,56,60,4,10,3,1,2,2,1,3,1,2,2,2,6.53
M5 X F10,5,17,Hybrid,2,7,2,147,87,55,62,7,15,2,1,2,2,2,2,1,3,3,2,6.49
M6 X F1,6,8,Hybrid,1,3,2,178,82,58,62,4,13,3,1,1,1,3,2,1,1,1,1,4.82
M6 X F1,6,8,Hybrid,2,7,2,170,84,56,58,2,17,1,2,2,1,1,1,1,3,2,2,7.96
M6 X F2,6,9,Hybrid,1,8,2,144,47,58,64,6,3,2,2,3,2,2,2,1,2,1,2,5.58
M6 X F2,6,9,Hybrid,2,6,2,191,95,56,60,4,12,1,2,3,1,1,1,1,2,3,2,8.77
M6 X F3,6,10,Hybrid,1,3,2,151,66,66,71,5,3,3,1,1,1,1,3,1,1,1,1,2.73
M6 X F3,6,10,Hybrid,2,6,2,160,88,60,63,3,6,3,2,2,1,1,3,2,2,2,2,2.14
M6 X F4,6,11,Hybrid,1,6,2,158,67,61,69,8,2,2,2,1,1,3,3,2,1,1,2,4.92
M6 X F4,6,11,Hybrid,2,1,2,162,63,58,63,5,18,2,2,1,1,2,3,2,2,2,2,4.66
M6 X F5,6,12,Hybrid,1,3,2,177,82,56,62,6,13,1,2,1,1,2,1,1,2,1,1,8.36
M6 X F5,6,12,Hybrid,2,9,2,173,81,56,62,6,17,1,1,2,1,2,1,2,2,2,2,8.99
M6 X F6,6,13,Hybrid,1,9,2,165,81,56,60,4,9,1,2,1,1,1,1,2,1,1,2,6.82
M6 X F6,6,13,Hybrid,2,1,2,154,78,58,62,4,8,1,1,1,1,1,1,1,2,2,2,7.23
M6 X F7,6,14,Hybrid,1,2,2,164,73,57,66,9,9,3,1,1,1,2,3,1,1,1,1,4.65
M6 X F7,6,14,Hybrid,2,8,2,190,87,55,57,2,14,2,1,2,1,1,3,1,2,3,3,4.93
M6 X F8,6,15,Hybrid,1,2,2,145,70,60,67,7,10,2,1,1,1,2,2,1,1,1,1,5.44
M6 X F8,6,15,Hybrid,2,1,2,212,117,57,61,4,19,1,2,2,1,2,1,1,2,3,2,9.16
M6 X F9,6,16,Hybrid,1,6,2,165,70,58,64,6,8,1,1,1,1,1,1,1,1,1,1,7.58
M6 X F9,6,16,Hybrid,2,6,2,178,80,56,58,2,11,1,2,1,1,3,1,2,2,3,3,7.53
M6 X F10,6,17,Hybrid,1,8,2,167,81,56,61,5,16,2,2,1,1,1,2,1,2,2,2,5.33
M6 X F10,6,17,Hybrid,2,2,2,157,76,55,61,6,17,2,2,2,1,2,2,1,2,2,2,5.73
M7 X F1,7,8,Hybrid,1,2,2,128,45,62,65,3,6,3,2,1,1,1,3,2,1,2,2,2.57
M7 X F1,7,8,Hybrid,2,4,2,117,47,61,65,4,3,3,2,1,1,1,3,1,1,2,1,3.72
M7 X F2,7,9,Hybrid,1,2,2,171,88,60,66,6,9,1,1,1,1,1,1,1,1,2,2,5.11
M7 X F2,7,9,Hybrid,2,9,2,184,93,57,62,5,20,1,2,2,1,1,1,2,2,2,2,5.99
M7 X F5,7,12,Hybrid,1,4,2,147,52,60,64,4,9,2,2,1,1,1,1,1,1,2,2,5.08
M7 X F5,7,12,Hybrid,2,1,2,165,71,62,65,3,11,1,2,1,1,2,1,2,2,3,2,7.85
M7 X F9,7,16,Hybrid,1,7,2,186,80,57,62,5,11,1,3,1,1,1,1,2,1,2,1,6.04
M7 X F9,7,16,Hybrid,2,9,2,184,100,55,59,4,15,1,2,3,1,1,1,1,2,2,2,8.72
M7 X F10,7,17,Hybrid,1,8,2,147,71,57,61,4,19,2,1,1,1,3,2,1,1,1,1,5.57
M7 X F10,7,17,Hybrid,2,5,2,196,98,56,58,2,19,1,1,1,1,1,1,1,2,2,2,6.22
CH1,,,Check,1,2,2,183,97,57,60,3,15,1,1,2,2,1,3,1,1,3,1,5.88
CH1,,,Check,2,5,2,196,142,55,60,5,14,2,2,2,1,2,2,2,2,2,2,5.75
CH2,,,Check,1,2,2,170,80,57,64,7,6,1,1,1,1,1,2,1,1,1,1,4.51
CH2,,,Check,2,2,2,163,69,57,61,4,16,2,2,1,1,1,2,1,2,2,2,5.44
LC,,,Check,1,1,2,154,63,60,66,6,10,4,2,1,1,2,2,2,2,1,2,1.68
LC,,,Check,2,9,2,182,84,56,61,5,16,2,4,2,2,2,2,1,2,2,2,1.94
LC1,,,Check,1,3,2,154,65,60,66,6,11,3,1,1,1,1,4,1,1,1,1,4.27
LC1,,,Check,2,1,2,180,83,55,57,2,18,2,2,2,1,2,3,1,2,2,2,3.8
LC2,,,Check,1,4,2,170,75,58,66,8,7,2,2,1,1,1,3,2,1,1,2,4.77
LC2,,,Check,2,1,2,170,73,59,65,6,15,3,2,2,1,1,2,1,2,2,2,5.77
LC3,,,Check,1,7,2,182,93,57,62,5,9,2,1,1,1,2,3,1,1,1,1,4.11
LC3,,,Check,2,4,2,178,88,56,58,2,22,2,2,1,1,2,2,1,2,2,2,4.63
LC4,,,Check,1,6,2,151,66,57,60,3,3,2,1,1,1,3,4,1,1,1,1,2.7
LC4,,,Check,2,8,2,179,91,55,58,3,13,2,3,2,1,1,2,1,2,2,2,3.15
LC5,,,Check,1,7,2,162,72,60,66,6,11,2,1,1,2,1,2,1,1,1,1,2.91
LC5,,,Check,2,7,2,160,75,58,61,3,17,2,2,2,1,2,2,1,2,2,2,3.17
F1,,8,Parent,1,6,3,125,57,61,65,4,12,3,2,1,1,2,3,1,1,2,2,4.72
F1,,8,Parent,2,2,3,192,106,62,67,5,10,3,2,1,1,1,1,1,1,1,1,4.41
F2,,9,Parent,1,9,3,128,56,62,65,3,7,3,2,1,1,1,3,1,1,1,2,4.46
F2,,9,Parent,2,6,3,158,90,61,65,4,12,1,1,1,1,1,2,1,1,1,1,4.08
F3,,10,Parent,1,2,3,143,59,60,63,3,10,3,2,1,1,2,3,1,1,2,3,4.78
F3,,10,Parent,2,6,3,136,90,66,69,3,5,2,1,1,1,1,2,1,1,1,1,5.39
F4,,11,Parent,1,6,3,121,43,63,66,3,3,4,1,1,1,2,4,1,1,1,2,1.84
F4,,11,Parent,2,3,3,150,60,61,66,5,3,3,1,1,1,1,2,1,1,1,1,3.95
F5,,12,Parent,1,5,3,146,60,60,63,3,,,,1,1,2,,1,1,1,2,
F5,,12,Parent,2,7,3,90,43,65,66,1,1,4,2,1,1,1,4,1,3,1,1,2.79
F6,,13,Parent,1,8,3,128,50,63,67,4,7,3,2,1,1,2,3,1,1,1,2,4.56
F6,,13,Parent,2,7,3,97,67,61,66,5,7,2,1,1,1,1,4,1,1,1,1,4.62
F7,,14,Parent,1,7,3,160,73,58,62,4,1,4,1,1,1,2,2,2,1,2,2,2.39
F7,,14,Parent,2,5,3,120,34,61,64,3,2,3,2,1,1,1,3,1,1,1,1,5.39
F8,,15,Parent,1,8,3,132,58,61,63,2,9,3,2,1,1,1,3,1,1,2,2,3.89
F8,,15,Parent,2,4,3,187,104,62,67,5,8,1,1,2,1,1,2,1,4,1,1,5.27
F9,,16,Parent,1,9,3,114,47,62,66,4,,4,2,1,1,2,3,1,1,1,1,
F9,,16,Parent,2,2,3,139,64,61,66,5,7,2,1,1,1,1,3,1,1,1,1,4.49
F10,,17,Parent,1,9,3,139,55,61,62,1,12,2,2,1,1,1,2,1,1,1,1,4.45
F10,,17,Parent,2,6,3,180,90,60,66,6,7,2,1,1,1,1,1,1,1,1,1,4.48
M1,1,,Parent,1,5,3,110,46,60,63,3,5,4,1,1,1,2,4,1,1,1,2,1.92
M1,1,,Parent,2,1,3,150,68,61,64,3,3,3,2,1,1,1,2,1,1,1,1,1.03
M2,2,,Parent,1,1,3,111,54,60,63,3,6,3,2,1,1,1,3,1,1,1,2,1.14
M2,2,,Parent,2,7,3,141,90,60,66,6,9,2,1,1,1,1,2,1,1,1,1,1.83
M3,3,,Parent,1,9,3,124,42,61,65,4,2,3,1,1,1,3,3,1,1,2,2,1.25
M3,3,,Parent,2,9,3,150,90,65,70,5,6,2,1,1,1,1,2,1,1,1,1,1.29
M4,4,,Parent,1,5,3,128,61,57,61,4,9,3,2,1,1,1,3,1,1,1,1,1.23
M4,4,,Parent,2,5,3,,,,,,,,,,,,,1,1,1,1,
M5,5,,Parent,1,1,3,135,51,62,66,4,7,3,2,1,1,1,3,1,1,1,2,1.76
M5,5,,Parent,2,8,3,165,82,62,67,5,10,3,1,1,1,1,2,1,1,1,1,1.82
M6,6,,Parent,1,4,3,166,79,57,60,3,2,3,2,1,1,2,3,1,1,1,2,1.89
M6,6,,Parent,2,2,3,120,60,61,64,3,5,3,1,1,1,1,3,1,1,1,1,1.94
M7,7,,Parent,1,3,3,115,40,63,67,4,7,2,3,1,1,2,2,1,1,1,1,5.32
M7,7,,Parent,2,9,3,102,50,61,64,3,1,3,2,1,1,1,3,1,1,1,1,4.63
M1 X F1,1,8,Hybrid,1,5,3,139,50,62,67,5,5,3,2,1,1,2,3,2,1,2,2,4.82
M1 X F1,1,8,Hybrid,2,3,3,148,88,61,67,6,2,4,2,1,1,3,2,1,3,1,1,4.65
M1 X F2,1,9,Hybrid,1,3,3,155,71,54,59,5,4,3,2,1,1,2,3,2,1,1,2,2.64
M1 X F2,1,9,Hybrid,2,2,3,135,66,60,66,6,3,3,1,1,1,1,3,1,1,1,1,4.23
M1 X F3,1,10,Hybrid,1,9,3,136,56,62,65,3,8,2,1,1,1,1,3,1,1,1,1,5.26
M1 X F3,1,10,Hybrid,2,3,3,134,90,60,64,4,15,1,1,1,1,1,2,1,1,1,1,4.31
M1 X F4,1,11,Hybrid,1,8,3,137,44,54,58,4,10,2,2,1,1,2,2,1,2,1,2,4.08
M1 X F4,1,11,Hybrid,2,1,3,,,,,,,,,,,,,,,,,
M1 X F5,1,12,Hybrid,1,7,3,73,38,59,63,4,10,2,2,1,1,1,2,1,1,2,2,5.47
M1 X F5,1,12,Hybrid,2,2,3,172,109,54,60,6,4,2,1,1,1,1,2,1,1,1,1,4.63
M1 X F6,1,13,Hybrid,1,4,3,171,70,51,55,4,1,3,2,1,1,1,3,1,1,1,1,5.03
M1 X F6,1,13,Hybrid,2,9,3,,,,,,,,,,,,,,,,,
M1 X F7,1,14,Hybrid,1,1,3,161,74,55,60,5,6,2,2,1,1,1,2,1,1,1,1,4.8
M1 X F7,1,14,Hybrid,2,7,3,161,75,61,64,3,17,1,1,1,1,1,1,1,1,1,1,3.88
M1 X F8,1,15,Hybrid,1,4,3,119,46,60,62,2,16,3,2,1,1,1,3,1,1,1,2,4.73
M1 X F8,1,15,Hybrid,2,6,3,128,79,59,61,2,6,2,1,1,1,1,3,1,1,1,1,4.27
M1 X F9,1,16,Hybrid,1,1,3,143,66,55,60,5,13,2,2,1,2,1,2,1,1,1,1,4.64
M1 X F9,1,16,Hybrid,2,4,3,150,92,61,64,3,6,3,1,1,1,1,2,1,1,1,1,3.48
M1 X F10,1,17,Hybrid,1,5,3,129,48,61,65,4,3,3,2,1,1,2,3,1,1,1,2,2.88
M1 X F10,1,17,Hybrid,2,6,3,170,74,60,64,4,9,2,1,1,1,1,1,1,1,1,1,3.86
M2 X F1,2,8,Hybrid,1,8,3,142,50,61,65,4,3,3,2,1,1,1,3,1,1,1,1,3.46
M2 X F1,2,8,Hybrid,2,8,3,150,90,59,63,4,6,2,1,1,1,1,2,1,1,1,1,3.77
M2 X F2,2,9,Hybrid,1,7,3,111,39,61,64,3,3,3,2,1,1,2,3,1,1,2,2,3.69
M2 X F2,2,9,Hybrid,2,3,3,160,96,61,64,3,4,3,1,1,1,1,2,1,1,1,1,4.62
M2 X F3,2,10,Hybrid,1,8,3,138,57,56,62,6,2,3,2,1,1,2,3,1,1,1,2,2.36
M2 X F3,2,10,Hybrid,2,9,3,132,68,60,66,6,4,3,1,1,1,1,2,1,1,1,1,3.65
M2 X F4,2,11,Hybrid,1,6,3,123,47,62,66,4,3,3,1,1,1,2,3,1,1,1,2,2.64
M2 X F4,2,11,Hybrid,2,5,3,,,,,,,,,,,,,,,,,
M2 X F5,2,12,Hybrid,1,6,3,128,48,62,66,4,3,3,2,1,1,2,3,1,1,1,2,3.13
M2 X F5,2,12,Hybrid,2,7,3,140,69,65,72,7,2,4,2,1,1,1,2,1,1,1,1,4.22
M2 X F6,2,13,Hybrid,1,3,3,167,75,60,64,4,6,2,1,1,1,1,2,1,1,1,1,7.45
M2 X F6,2,13,Hybrid,2,8,3,150,73,61,64,3,8,2,1,1,1,1,2,1,1,1,1,5.73
M2 X F7,2,14,Hybrid,1,7,3,119,46,61,64,3,2,3,1,1,2,1,3,1,1,1,2,2.11
M2 X F7,2,14,Hybrid,2,1,3,171,88,61,64,3,4,4,2,1,1,1,2,1,1,1,1,2
M2 X F8,2,15,Hybrid,1,1,3,126,48,62,66,4,3,3,1,1,1,1,3,1,1,1,1,5.63
M2 X F8,2,15,Hybrid,2,3,3,131,90,60,65,5,10,1,1,1,1,1,2,1,1,1,1,7.81
M2 X F9,2,16,Hybrid,1,8,3,128,40,60,64,4,3,3,2,1,1,1,3,1,1,1,2,4.64
M2 X F9,2,16,Hybrid,2,5,3,145,66,61,66,5,3,3,2,1,1,1,2,1,1,1,1,5.06
M2 X F10,2,17,Hybrid,1,2,3,134,45,61,64,3,4,3,2,1,1,2,3,2,1,2,2,5.45
M2 X F10,2,17,Hybrid,2,7,3,,,,,,,,,,,,,,,,,
M3 X F1,3,8,Hybrid,1,3,3,127,53,63,67,4,4,3,2,1,1,2,3,1,1,1,1,3.91
M3 X F1,3,8,Hybrid,2,5,3,144,71,64,69,5,7,2,1,2,1,1,2,1,1,1,1,7.11
M3 X F2,3,9,Hybrid,1,1,3,98,38,61,65,4,5,3,2,1,1,1,3,1,2,1,2,5.64
M3 X F2,3,9,Hybrid,2,6,3,164,75,61,64,3,7,2,1,1,1,1,2,1,1,1,1,8.37
M3 X F3,3,10,Hybrid,1,4,3,88,36,61,65,4,6,3,2,1,1,1,3,1,1,1,1,5.03
M3 X F3,3,10,Hybrid,2,4,3,116,82,56,60,4,4,3,2,1,1,1,3,1,1,1,1,3.73
M3 X F4,3,11,Hybrid,1,9,3,146,59,59,62,3,11,2,1,1,1,2,2,2,1,3,2,5.01
M3 X F4,3,11,Hybrid,2,8,3,,,,,,,,,,,,,,,,,
M3 X F5,3,12,Hybrid,1,5,3,177,72,60,61,1,4,3,2,1,1,1,3,1,2,1,2,4.48
M3 X F5,3,12,Hybrid,2,8,3,164,100,61,62,1,7,2,1,1,1,1,1,1,1,1,1,5.4
M3 X F6,3,13,Hybrid,1,1,3,134,56,58,61,3,12,3,2,1,1,2,3,1,1,1,2,4.98
M3 X F6,3,13,Hybrid,2,5,3,150,90,62,68,6,5,2,1,1,1,1,2,1,1,1,1,8.46
M3 X F7,3,14,Hybrid,1,7,3,128,52,62,63,1,7,3,2,1,1,1,3,1,1,1,2,5.32
M3 X F7,3,14,Hybrid,2,8,3,180,106,60,64,4,8,2,1,1,1,1,1,1,1,1,1,5.75
M3 X F8,3,15,Hybrid,1,4,3,104,31,62,66,4,1,4,2,1,1,2,4,1,1,1,1,4.59
M3 X F8,3,15,Hybrid,2,8,3,130,30,64,65,1,1,4,3,1,1,1,3,1,1,1,1,4.04
M3 X F9,3,16,Hybrid,1,1,3,94,37,61,65,4,2,4,3,1,2,1,3,1,1,2,2,5.02
M3 X F9,3,16,Hybrid,2,1,3,133,46,61,64,3,6,3,1,1,1,1,2,1,1,1,1,5.77
M3 X F10,3,17,Hybrid,1,9,3,127,54,58,65,7,2,4,2,1,1,2,4,1,1,1,1,5.89
M3 X F10,3,17,Hybrid,2,4,3,142,90,60,63,3,3,3,1,1,1,1,2,1,1,1,1,6.45
M4 X F1,4,8,Hybrid,1,2,3,152,67,60,64,4,14,1,1,1,1,1,2,1,1,1,2,7.52
M4 X F1,4,8,Hybrid,2,3,3,202,107,58,60,2,15,1,1,1,1,1,1,1,1,1,1,
M4 X F2,4,9,Hybrid,1,4,3,113,52,62,66,4,2,3,1,1,2,1,3,1,1,1,2,4.25
M4 X F2,4,9,Hybrid,2,5,3,102,60,63,65,2,5,3,1,1,1,1,3,1,1,1,1,3.18
M4 X F3,4,10,Hybrid,1,9,3,138,65,63,67,4,2,2,2,2,2,2,2,1,1,1,2,6.09
M4 X F3,4,10,Hybrid,2,7,3,150,62,61,66,5,3,3,1,1,1,1,2,1,1,1,1,8.1
M4 X F4,4,11,Hybrid,1,8,3,139,55,60,63,3,10,3,2,1,1,1,3,1,1,1,2,4.92
M4 X F4,4,11,Hybrid,2,3,3,161,67,58,60,2,7,3,1,1,1,1,2,2,1,2,2,4.09
M4 X F5,4,12,Hybrid,1,5,3,133,49,61,66,5,1,3,2,1,1,2,3,1,1,1,2,4.42
M4 X F5,4,12,Hybrid,2,4,3,151,92,56,60,4,10,2,1,1,1,1,2,1,1,1,1,4.42
M4 X F6,4,13,Hybrid,1,7,3,142,66,57,61,4,12,3,2,1,5,1,3,1,1,2,2,4.48
M4 X F6,4,13,Hybrid,2,6,3,167,80,58,60,2,15,1,1,1,1,1,2,1,1,1,1,4.75
M4 X F7,4,14,Hybrid,1,4,3,140,67,61,66,5,5,3,2,1,1,2,3,1,1,1,2,4.19
M4 X F7,4,14,Hybrid,2,3,3,,,,,,,,,,,,,1,1,1,1,
M4 X F8,4,15,Hybrid,1,6,3,145,50,60,64,4,3,3,2,1,1,3,3,2,1,1,2,2.95
M4 X F8,4,15,Hybrid,2,4,3,131,52,61,63,2,1,4,2,1,1,1,3,1,1,1,1,2.69
M4 X F9,4,16,Hybrid,1,5,3,138,54,54,58,4,2,3,2,1,1,2,3,1,1,1,2,4.37
M4 X F9,4,16,Hybrid,2,2,3,133,76,63,69,6,5,1,1,1,1,1,1,1,1,1,1,7.19
M4 X F10,4,17,Hybrid,1,9,3,139,61,62,66,4,3,2,2,1,1,2,2,1,1,1,1,4.48
M4 X F10,4,17,Hybrid,2,5,3,117,60,61,64,3,9,1,1,1,1,1,3,1,1,1,1,6.46
M5 X F1,5,8,Hybrid,1,1,3,147,53,62,66,4,12,3,2,1,1,2,3,1,1,1,1,7.31
M5 X F1,5,8,Hybrid,2,8,3,132,66,64,69,5,5,3,1,1,1,1,2,1,1,1,1,6.91
M5 X F2,5,9,Hybrid,1,5,3,136,56,60,63,3,5,3,2,1,1,2,3,1,1,2,2,5.48
M5 X F2,5,9,Hybrid,2,8,3,148,90,60,65,5,2,3,2,1,1,1,2,1,1,1,1,9.35
M5 X F3,5,10,Hybrid,1,3,3,125,52,54,58,4,6,3,3,1,1,2,3,2,1,1,2,4.98
M5 X F3,5,10,Hybrid,2,4,3,105,33,60,66,6,3,1,1,1,1,1,3,1,1,1,1,5.89
M5 X F4,5,11,Hybrid,1,2,3,131,67,52,57,5,,,1,1,1,2,3,1,1,1,2,
M5 X F4,5,11,Hybrid,2,8,3,127,78,64,67,3,2,3,1,1,1,1,2,1,1,1,1,6.32
M5 X F5,5,12,Hybrid,1,7,3,100,50,63,66,3,2,4,1,1,1,2,3,1,1,1,2,4.07
M5 X F5,5,12,Hybrid,2,4,3,120,35,63,69,6,2,3,2,1,1,1,3,1,1,1,1,5.67
M5 X F6,5,13,Hybrid,1,3,3,113,39,61,65,4,4,3,2,1,1,2,2,2,1,1,2,4.23
M5 X F6,5,13,Hybrid,2,3,3,155,80,61,64,3,8,2,1,1,1,1,2,1,1,1,1,5.28
M5 X F7,5,14,Hybrid,1,6,3,115,38,59,64,5,4,2,2,1,2,3,3,1,1,2,2,3.19
M5 X F7,5,14,Hybrid,2,9,3,120,60,62,64,2,3,2,3,1,1,1,3,1,1,1,1,4.9
M5 X F8,5,15,Hybrid,1,6,3,135,59,58,62,4,8,1,2,1,1,2,1,1,1,1,2,7.54
M5 X F8,5,15,Hybrid,2,3,3,130,63,60,64,4,5,3,1,1,1,1,2,1,1,1,1,4.23
M5 X F9,5,16,Hybrid,1,1,3,112,53,62,64,2,4,2,2,1,1,1,2,1,1,1,2,5.83
M5 X F9,5,16,Hybrid,2,2,3,197,100,61,65,4,6,1,1,1,1,1,1,1,1,1,1,7.31
M5 X F10,5,17,Hybrid,1,4,3,126,43,62,66,4,8,3,3,1,1,1,3,1,1,1,1,8.87
M5 X F10,5,17,Hybrid,2,7,3,150,75,61,64,3,6,3,2,1,1,1,2,1,1,1,1,5.07
M6 X F1,6,8,Hybrid,1,3,3,185,94,54,61,7,9,1,2,1,2,1,1,1,1,1,1,7.4
M6 X F1,6,8,Hybrid,2,7,3,180,75,64,69,5,13,1,1,1,1,1,1,1,1,1,1,7.23
M6 X F2,6,9,Hybrid,1,8,3,139,59,54,58,4,5,2,2,1,5,1,2,2,1,2,2,6.41
M6 X F2,6,9,Hybrid,2,6,3,162,101,58,60,2,6,1,1,1,1,1,1,1,1,1,1,8.25
M6 X F3,6,10,Hybrid,1,3,3,129,47,61,65,4,9,1,2,1,2,1,1,1,1,1,1,7.95
M6 X F3,6,10,Hybrid,2,6,3,170,70,64,67,3,4,1,1,1,1,1,1,1,1,1,1,7.56
M6 X F4,6,11,Hybrid,1,6,3,110,43,61,66,5,3,2,2,1,1,2,3,1,1,1,1,5.88
M6 X F4,6,11,Hybrid,2,1,3,150,90,59,63,4,3,1,1,1,1,1,2,1,1,1,1,7.72
M6 X F5,6,12,Hybrid,1,3,3,140,45,54,58,4,6,3,2,1,2,3,2,2,1,2,2,4.54
M6 X F5,6,12,Hybrid,2,9,3,110,60,60,66,6,2,2,2,1,1,1,3,1,1,1,1,5.53
M6 X F6,6,13,Hybrid,1,9,3,150,71,57,61,4,2,3,2,1,1,2,3,1,1,2,2,3.66
M6 X F6,6,13,Hybrid,2,1,3,120,58,61,67,6,4,3,2,1,1,1,3,1,3,1,1,3.67
M6 X F7,6,14,Hybrid,1,2,3,146,76,52,57,5,3,,,1,1,1,,1,1,1,1,
M6 X F7,6,14,Hybrid,2,8,3,133,60,62,64,2,4,1,1,1,1,1,1,1,1,1,1,5.13
M6 X F8,6,15,Hybrid,1,2,3,110,41,61,64,3,11,1,2,1,1,1,1,1,1,1,2,7.7
M6 X F8,6,15,Hybrid,2,1,3,150,72,61,64,3,6,2,1,1,1,1,1,1,1,1,1,7.9
M6 X F9,6,16,Hybrid,1,6,3,112,45,62,66,4,3,3,1,1,1,2,3,1,1,1,2,4.88
M6 X F9,6,16,Hybrid,2,6,3,,,,,,,,,,,,,1,1,1,1,
M6 X F10,6,17,Hybrid,1,8,3,128,58,60,65,5,2,3,2,1,1,2,2,2,1,1,2,5.07
M6 X F10,6,17,Hybrid,2,2,3,156,75,61,64,3,13,1,1,1,1,1,1,1,1,1,1,6.25
M7 X F1,7,8,Hybrid,1,2,3,157,72,60,63,3,1,1,1,1,1,2,1,1,1,2,2,6.32
M7 X F1,7,8,Hybrid,2,4,3,150,50,61,68,7,4,1,1,1,1,1,1,1,1,1,1,7.97
M7 X F2,7,9,Hybrid,1,2,3,119,53,63,66,3,6,1,2,1,1,2,1,1,1,1,1,7.09
M7 X F2,7,9,Hybrid,2,9,3,132,71,67,72,5,2,1,1,1,1,1,1,4,1,2,2,6.3
M7 X F5,7,12,Hybrid,1,4,3,134,53,62,66,4,5,3,2,1,1,1,3,2,1,1,2,4.78
M7 X F5,7,12,Hybrid,2,1,3,142,90,60,66,6,3,1,1,1,1,1,1,1,1,1,1,6.94
M7 X F9,7,16,Hybrid,1,7,3,119,39,62,66,4,3,1,3,1,1,2,1,1,1,1,2,5.62
M7 X F9,7,16,Hybrid,2,9,3,159,66,64,67,3,8,1,1,1,1,1,1,1,1,1,1,8.7
M7 X F10,7,17,Hybrid,1,8,3,127,54,61,65,4,5,3,2,1,1,1,3,1,1,2,2,3.97
M7 X F10,7,17,Hybrid,2,5,3,150,93,62,67,5,5,3,1,1,1,1,3,1,1,1,1,4.05
CH1,,,Check,1,2,3,126,47,59,63,4,10,3,3,1,1,1,3,1,1,1,1,2.8
CH1,,,Check,2,5,3,165,82,64,69,5,9,2,1,1,1,1,2,1,1,1,1,5.02
CH2,,,Check,1,2,3,110,49,63,67,4,2,3,2,1,1,2,3,1,1,1,2,2.63
CH2,,,Check,2,2,3,139,60,60,66,6,7,2,1,1,1,1,3,1,1,1,1,5.64
LC,,,Check,1,1,3,110,48,61,64,3,5,4,2,1,1,1,4,1,1,1,1,2.93
LC,,,Check,2,9,3,165,103,62,63,1,7,2,1,1,1,1,2,1,1,1,1,4.99
LC1,,,Check,1,3,3,,,62,66,4,,,,,,,,1,1,2,2,
LC1,,,Check,2,1,3,122,44,64,65,1,2,4,2,1,1,1,3,1,1,1,1,4.16
LC2,,,Check,1,4,3,123,41,61,65,4,6,3,2,1,1,2,3,1,2,2,2,4.75
LC2,,,Check,2,1,3,160,72,65,69,4,3,3,1,1,1,1,2,1,1,1,1,3.56
LC3,,,Check,1,7,3,133,37,63,67,4,7,3,2,1,1,1,3,1,1,1,2,4.22
LC3,,,Check,2,4,3,120,46,61,64,3,5,3,1,1,1,1,3,1,1,1,1,4.32
LC4,,,Check,1,6,3,148,50,61,65,4,4,3,2,1,1,2,3,1,1,1,1,3.39
LC4,,,Check,2,8,3,120,46,65,69,4,4,3,1,1,1,1,3,1,1,1,1,3.88
LC5,,,Check,1,7,3,138,53,59,63,4,3,3,1,1,1,2,4,1,1,1,2,1.34
LC5,,,Check,2,7,3,103,35,63,69,6,3,3,1,1,1,1,3,3,3,2,1,3.14
F1,,8,Parent,1,6,4,118,41,61,64,3,8,3,2,1,1,1,3,1,1,1,2,4.96
F1,,8,Parent,2,2,4,158,60,61,64,3,3,3,1,1,1,1,2,1,1,1,1,4.12
F2,,9,Parent,1,9,4,146,49,52,57,5,12,1,2,1,1,2,3,1,1,1,2,4.37
F2,,9,Parent,2,6,4,188,77,61,63,2,15,2,1,1,1,1,2,1,1,1,1,4.67
F3,,10,Parent,1,2,4,90,30,63,66,3,2,3,2,1,1,2,3,1,1,1,1,2.09
F3,,10,Parent,2,6,4,120,67,61,66,5,2,3,1,1,1,1,3,1,1,1,1,5.86
F4,,11,Parent,1,6,4,130,48,61,65,4,6,2,2,1,1,2,3,1,1,1,2,4.57
F4,,11,Parent,2,3,4,130,49,61,63,2,3,3,1,1,1,1,3,1,1,1,1,4.51
F5,,12,Parent,1,5,4,149,66,59,63,4,2,4,2,1,1,1,3,1,1,1,1,2.1
F5,,12,Parent,2,7,4,138,49,62,64,2,9,2,1,1,1,1,2,1,1,1,1,4.8
F6,,13,Parent,1,8,4,109,38,61,64,3,6,2,2,1,1,1,3,1,1,1,2,5.24
F6,,13,Parent,2,7,4,155,81,66,69,3,6,2,1,1,1,1,1,1,1,1,1,4.85
F7,,14,Parent,1,7,4,168,68,58,62,4,6,4,1,1,1,2,3,1,1,1,1,4.97
F7,,14,Parent,2,5,4,140,65,63,69,6,5,2,1,3,1,1,2,1,1,1,1,4.31
F8,,15,Parent,1,8,4,96,53,60,63,3,11,2,2,1,1,1,2,1,1,1,2,5.8
F8,,15,Parent,2,4,4,201,109,58,60,2,8,1,1,1,1,1,1,1,1,1,1,4.55
F9,,16,Parent,1,9,4,170,83,54,59,5,10,2,1,1,2,1,2,1,1,1,1,4.82
F9,,16,Parent,2,2,4,180,91,62,67,5,10,1,1,1,1,1,1,1,1,1,1,4.99
F10,,17,Parent,1,9,4,164,76,58,62,4,3,3,1,1,1,2,3,1,1,1,2,1.83
F10,,17,Parent,2,6,4,155,70,64,68,4,9,2,1,1,1,1,2,1,1,1,1,4.17
M1,1,,Parent,1,5,4,94,32,62,66,4,2,4,2,1,2,1,3,1,1,2,2,1.38
M1,1,,Parent,2,1,4,148,80,64,68,4,6,2,1,1,1,1,2,1,1,1,1,1.93
M2,2,,Parent,1,1,4,133,47,61,64,3,3,3,2,1,2,1,3,2,1,1,2,1.38
M2,2,,Parent,2,7,4,148,82,67,68,1,3,3,1,1,1,1,2,1,1,1,1,1.19
M3,3,,Parent,1,9,4,123,43,61,65,4,6,3,2,1,1,2,3,2,1,1,2,1.23
M3,3,,Parent,2,9,4,178,85,61,64,3,2,3,1,1,1,1,2,1,1,1,1,1.73
M4,4,,Parent,1,5,4,182,85,52,56,4,3,3,2,1,1,1,3,1,1,1,1,1.93
M4,4,,Parent,2,5,4,113,41,65,66,1,2,4,1,1,1,1,2,1,1,1,1,1.53
M5,5,,Parent,1,5,4,131,37,62,66,4,7,3,2,1,1,2,3,1,1,1,2,1.02
M5,5,,Parent,2,2,4,141,64,61,66,5,3,3,1,1,1,1,2,1,1,1,1,1.86
M6,6,,Parent,1,4,4,132,58,52,55,3,1,2,2,1,1,2,3,1,2,1,1,1.56
M6,6,,Parent,2,2,4,,,,,,,,,,,,,,,,,
M7,7,,Parent,1,3,4,127,44,59,63,4,12,2,3,1,1,1,1,1,1,1,2,5.28
M7,7,,Parent,2,9,4,120,60,65,70,5,5,1,1,1,1,1,1,1,3,1,1,6.96
M1 X F1,1,8,Hybrid,1,5,4,94,26,61,65,4,,,,1,1,2,,1,1,1,1,
M1 X F1,1,8,Hybrid,2,3,4,133,45,61,66,5,6,3,1,1,1,1,2,1,1,1,1,4.53
M1 X F2,1,9,Hybrid,1,3,4,142,60,58,62,4,2,3,2,1,1,2,3,2,1,2,2,5.65
M1 X F2,1,9,Hybrid,2,2,4,150,90,61,67,6,2,4,2,1,1,1,2,1,3,1,1,7.44
M1 X F3,1,10,Hybrid,1,9,4,115,45,58,63,5,3,3,2,1,1,2,3,1,1,1,2,3.75
M1 X F3,1,10,Hybrid,2,3,4,117,60,62,64,2,2,3,2,1,1,1,3,1,1,1,1,5.79
M1 X F4,1,11,Hybrid,1,8,4,152,71,55,59,4,3,4,2,1,1,2,4,2,1,2,2,2.14
M1 X F4,1,11,Hybrid,2,1,4,106,44,61,64,3,2,3,1,1,1,1,3,1,2,1,1,7.91
M1 X F5,1,12,Hybrid,1,7,4,131,65,61,65,4,8,3,2,1,1,2,3,1,1,1,2,6.08
M1 X F5,1,12,Hybrid,2,2,4,,,,,,,,,,,,,,,,,
M1 X F6,1,13,Hybrid,1,4,4,112,39,62,64,2,2,4,1,1,1,2,4,1,1,1,2,4.86
M1 X F6,1,13,Hybrid,2,9,4,158,98,64,68,4,9,1,1,1,1,1,2,1,1,1,1,6.45
M1 X F7,1,14,Hybrid,1,1,4,136,55,62,66,4,3,3,2,1,1,2,3,1,1,1,2,2.85
M1 X F7,1,14,Hybrid,2,7,4,163,80,61,64,3,4,3,1,1,1,1,2,1,1,1,1,6.49
M1 X F8,1,15,Hybrid,1,4,4,101,43,62,65,3,1,3,1,1,1,2,3,2,1,2,2,4.07
M1 X F8,1,15,Hybrid,2,6,4,128,73,62,64,2,3,4,2,1,1,1,3,1,1,1,1,4.54
M1 X F9,1,16,Hybrid,1,1,4,140,58,62,66,4,4,3,2,1,2,1,3,1,1,1,1,5.66
M1 X F9,1,16,Hybrid,2,4,4,142,73,64,67,3,6,2,1,1,1,1,2,1,1,1,1,8.08
M1 X F10,1,17,Hybrid,1,5,4,150,72,59,63,4,6,3,1,1,1,2,3,1,1,1,1,5.77
M1 X F10,1,17,Hybrid,2,6,4,114,66,61,64,3,5,3,1,1,1,1,3,1,1,1,1,4.46
M2 X F1,2,8,Hybrid,1,8,4,120,47,62,66,4,4,3,2,1,1,2,3,1,1,1,1,3.42
M2 X F1,2,8,Hybrid,2,8,4,136,67,64,66,2,7,2,1,1,1,1,3,1,1,1,1,6.76
M2 X F2,2,9,Hybrid,1,7,4,135,55,61,65,4,4,3,2,1,1,2,3,1,1,1,1,2.6
M2 X F2,2,9,Hybrid,2,3,4,130,67,61,64,3,5,3,1,1,1,1,3,1,1,1,1,5.85
M2 X F3,2,10,Hybrid,1,8,4,101,34,62,65,3,1,3,2,1,1,1,3,1,1,1,2,6.86
M2 X F3,2,10,Hybrid,2,9,4,149,60,61,65,4,2,3,1,1,1,1,2,1,1,1,1,9.3
M2 X F4,2,11,Hybrid,1,6,4,132,51,61,65,4,3,3,2,1,1,1,3,1,1,1,1,5.55
M2 X F4,2,11,Hybrid,2,5,4,164,75,60,66,6,15,1,1,1,1,1,2,1,1,1,1,1.93
M2 X F5,2,12,Hybrid,1,6,4,137,50,60,63,3,13,3,2,1,1,1,3,1,2,1,2,2.07
M2 X F5,2,12,Hybrid,2,7,4,150,72,65,70,5,2,3,1,1,1,1,2,1,1,1,1,1.93
M2 X F6,2,13,Hybrid,1,3,4,134,51,60,64,4,7,3,2,1,1,1,3,2,1,1,2,3.87
M2 X F6,2,13,Hybrid,2,8,4,154,79,62,64,2,11,3,1,1,1,1,2,1,3,1,1,3.46
M2 X F7,2,14,Hybrid,1,7,4,134,53,62,65,3,1,3,1,1,1,2,3,1,1,1,1,2.47
M2 X F7,2,14,Hybrid,2,1,4,140,64,61,64,3,4,3,2,1,1,1,2,1,1,1,1,4.56
M2 X F8,2,15,Hybrid,1,1,4,99,40,62,66,4,2,3,1,1,1,1,3,1,1,1,2,5.33
M2 X F8,2,15,Hybrid,2,3,4,131,75,65,68,3,4,3,1,1,1,1,3,1,1,1,1,7.8
M2 X F9,2,16,Hybrid,1,8,4,129,54,62,66,4,7,3,2,1,1,2,3,1,1,1,1,5.55
M2 X F9,2,16,Hybrid,2,5,4,130,71,61,64,3,4,3,1,1,1,1,3,1,1,1,1,6.56
M2 X F10,2,17,Hybrid,1,2,4,123,43,60,64,4,2,4,2,1,1,2,3,2,1,2,2,5.7
M2 X F10,2,17,Hybrid,2,7,4,148,72,61,65,4,2,3,1,1,1,1,2,1,1,1,1,6.83
M3 X F1,3,8,Hybrid,1,3,4,151,86,51,55,4,3,3,2,1,1,1,3,1,1,1,1,2.56
M3 X F1,3,8,Hybrid,2,5,4,109,42,65,67,2,1,4,3,1,1,1,3,1,1,1,1,5.18
M3 X F2,3,9,Hybrid,1,1,4,120,46,64,68,4,4,3,2,1,1,1,3,1,1,1,1,5.92
M3 X F2,3,9,Hybrid,2,6,4,163,62,61,66,5,1,3,2,1,1,1,2,1,1,1,1,7.35
M3 X F3,3,10,Hybrid,1,4,4,139,54,60,64,4,8,3,2,1,1,1,3,1,2,2,2,3.64
M3 X F3,3,10,Hybrid,2,4,4,163,60,66,71,5,5,3,1,1,1,1,2,1,1,1,1,4.94
M3 X F4,3,11,Hybrid,1,9,4,137,53,57,60,3,10,4,1,1,1,2,3,1,1,1,1,4.65
M3 X F4,3,11,Hybrid,2,8,4,120,42,62,63,1,4,3,2,1,1,1,2,1,1,1,1,4.16
M3 X F5,3,12,Hybrid,1,5,4,116,48,62,66,4,4,3,2,1,1,1,3,1,1,1,1,5.65
M3 X F5,3,12,Hybrid,2,8,4,156,74,62,64,2,7,1,1,1,1,1,2,1,1,1,1,8.33
M3 X F6,3,13,Hybrid,1,1,4,120,60,62,65,3,1,4,2,1,1,2,4,2,1,2,2,4.27
M3 X F6,3,13,Hybrid,2,5,4,120,60,65,69,4,1,4,3,1,1,1,3,1,1,1,1,3.76
M3 X F7,3,14,Hybrid,1,7,4,127,54,61,63,2,5,3,2,1,1,1,3,1,2,1,2,5.95
M3 X F7,3,14,Hybrid,2,8,4,153,103,59,62,3,7,1,1,1,1,1,2,1,1,1,1,9.88
M3 X F8,3,15,Hybrid,1,4,4,119,45,59,62,3,7,3,2,1,1,1,3,1,1,1,1,6.63
M3 X F8,3,15,Hybrid,2,8,4,158,74,56,60,4,6,3,2,1,1,1,2,1,1,1,1,5.8
M3 X F9,3,16,Hybrid,1,1,4,110,43,58,62,4,4,2,1,1,1,2,2,1,1,1,2,5.36
M3 X F9,3,16,Hybrid,2,1,4,162,98,66,70,4,4,3,1,1,1,1,2,1,1,1,1,8.71
M3 X F10,3,17,Hybrid,1,9,4,127,55,62,65,3,10,3,2,1,1,3,3,1,1,1,2,5.12
M3 X F10,3,17,Hybrid,2,4,4,164,63,61,69,8,17,1,1,1,1,1,2,1,1,1,1,8.96
M4 X F1,4,8,Hybrid,1,2,4,152,58,63,66,3,2,5,2,1,2,1,5,1,1,1,1,4.12
M4 X F1,4,8,Hybrid,2,3,4,150,60,56,60,4,10,1,1,1,1,1,2,1,1,1,1,6.02
M4 X F2,4,9,Hybrid,1,4,4,112,43,61,65,4,11,3,2,1,1,1,3,1,1,2,3,4.94
M4 X F2,4,9,Hybrid,2,5,4,168,74,58,60,2,7,2,1,1,1,1,2,1,1,1,1,6.3
M4 X F3,4,10,Hybrid,1,9,4,119,50,62,66,4,7,3,2,1,2,1,3,1,1,1,1,5.83
M4 X F3,4,10,Hybrid,2,7,4,145,60,61,64,3,3,3,1,1,1,1,2,1,1,1,1,4.82
M4 X F4,4,11,Hybrid,1,8,4,135,49,61,65,4,6,2,1,1,1,1,3,1,1,1,1,6.6
M4 X F4,4,11,Hybrid,2,3,4,180,105,60,65,5,11,1,1,1,1,1,1,1,1,1,1,5.44
M4 X F5,4,12,Hybrid,1,5,4,129,47,62,65,3,6,3,2,1,2,1,3,1,2,1,2,4.41
M4 X F5,4,12,Hybrid,2,4,4,146,85,68,70,2,4,3,1,1,1,1,2,1,1,1,1,5.22
M4 X F6,4,13,Hybrid,1,7,4,128,59,60,63,3,8,3,2,1,1,1,3,1,1,2,2,3.12
M4 X F6,4,13,Hybrid,2,6,4,157,105,59,63,4,6,3,1,1,1,1,2,1,1,1,1,4.44
M4 X F7,4,14,Hybrid,1,4,4,120,46,62,66,4,5,3,2,1,1,2,3,1,1,1,2,3.93
M4 X F7,4,14,Hybrid,2,3,4,90,48,61,64,3,1,4,2,1,1,1,4,1,1,1,1,5.69
M4 X F8,4,15,Hybrid,1,6,4,124,49,62,65,3,4,3,2,1,1,1,3,1,1,1,1,4.81
M4 X F8,4,15,Hybrid,2,4,4,160,103,60,66,6,6,2,1,1,1,1,2,1,1,1,1,7.13
M4 X F9,4,16,Hybrid,1,5,4,144,67,60,63,3,3,2,2,1,2,2,2,1,1,1,2,5.67
M4 X F9,4,16,Hybrid,2,2,4,150,60,61,64,3,3,1,1,1,1,1,1,1,1,1,2,7.03
M4 X F10,4,17,Hybrid,1,9,4,115,44,62,66,4,4,3,2,1,1,2,3,2,1,2,2,4.01
M4 X F10,4,17,Hybrid,2,5,4,126,60,69,71,2,4,3,1,1,1,1,3,1,1,1,1,5.69
M5 X F1,5,8,Hybrid,1,1,4,,,,,,,,,,,,,,,,,
M5 X F1,5,8,Hybrid,2,8,4,126,60,64,66,2,4,2,1,1,1,1,3,1,1,1,1,7.91
M5 X F2,5,9,Hybrid,1,5,4,111,41,62,67,5,5,3,2,1,1,2,3,1,1,1,2,4.71
M5 X F2,5,9,Hybrid,2,8,4,138,60,65,70,5,7,3,1,2,1,1,3,1,1,1,1,4.83
M5 X F3,5,10,Hybrid,1,3,4,174,88,57,60,3,14,1,2,1,1,1,1,1,1,1,2,6.82
M5 X F3,5,10,Hybrid,2,4,4,150,71,56,60,4,9,1,1,1,1,1,2,1,1,1,1,6.98
M5 X F4,5,11,Hybrid,1,2,4,115,59,63,67,4,2,4,2,1,1,2,5,2,1,2,2,5.34
M5 X F4,5,11,Hybrid,2,8,4,130,60,65,69,4,1,,,1,1,1,3,1,1,1,1,
M5 X F5,5,12,Hybrid,1,7,4,130,48,60,63,3,6,3,2,1,1,1,3,1,1,1,2,6.58
M5 X F5,5,12,Hybrid,2,4,4,152,70,62,70,8,6,2,1,1,1,1,2,1,1,1,1,8.05
M5 X F6,5,13,Hybrid,1,3,4,148,71,53,58,5,3,1,2,1,1,1,2,1,1,1,1,5.89
M5 X F6,5,13,Hybrid,2,3,4,,,,,,,,,,,,,1,1,1,1,
M5 X F7,5,14,Hybrid,1,6,4,153,58,61,63,2,3,2,2,1,1,1,2,1,1,1,1,5.85
M5 X F7,5,14,Hybrid,2,9,4,160,90,60,63,3,11,1,1,1,1,1,2,1,1,1,1,6.5
M5 X F8,5,15,Hybrid,1,6,4,142,67,57,60,3,1,3,1,1,1,2,2,2,1,1,2,4.79
M5 X F8,5,15,Hybrid,2,3,4,128,60,61,67,6,3,2,2,1,1,1,1,1,1,1,1,5.38
M5 X F9,5,16,Hybrid,1,1,4,122,51,59,62,3,10,3,2,1,5,1,3,1,1,2,2,4.85
M5 X F9,5,16,Hybrid,2,2,4,187,82,65,70,5,8,1,1,1,1,1,1,1,1,1,1,8.38
M5 X F10,5,17,Hybrid,1,4,4,126,54,61,64,3,5,3,2,1,1,1,3,1,1,1,2,5.29
M5 X F10,5,17,Hybrid,2,7,4,186,97,59,62,3,7,2,1,1,1,1,2,1,1,1,1,5.8
M6 X F1,6,8,Hybrid,1,3,4,172,79,56,61,5,4,2,2,1,2,1,2,1,1,1,1,5.12
M6 X F1,6,8,Hybrid,2,7,4,,,,,,,,,,,,,,,,,
M6 X F2,6,9,Hybrid,1,8,4,132,64,60,64,4,5,2,2,1,1,2,3,1,1,2,3,5.04
M6 X F2,6,9,Hybrid,2,6,4,162,96,61,64,3,6,1,1,1,1,1,1,1,1,1,1,8.45
M6 X F3,6,10,Hybrid,1,3,4,105,45,63,67,4,5,1,2,1,1,2,1,1,1,1,1,6.79
M6 X F3,6,10,Hybrid,2,6,4,135,72,65,70,5,5,1,1,1,1,1,1,1,1,1,1,7.73
M6 X F4,6,11,Hybrid,1,6,4,114,50,62,65,3,3,3,2,1,5,1,3,1,1,2,2,4.05
M6 X F4,6,11,Hybrid,2,1,4,165,40,63,68,5,4,3,1,1,1,1,3,1,1,1,1,4.21
M6 X F5,6,12,Hybrid,1,3,4,145,68,56,59,3,2,3,2,1,1,1,2,1,1,1,1,2.85
M6 X F5,6,12,Hybrid,2,9,4,150,75,61,65,4,4,3,1,2,1,1,2,1,1,2,1,2.23
M6 X F6,6,13,Hybrid,1,9,4,128,45,62,65,3,6,3,2,1,1,1,3,2,1,2,2,4.57
M6 X F6,6,13,Hybrid,2,1,4,,,,,,,,,,,,,,,,,
M6 X F7,6,14,Hybrid,1,2,4,117,47,61,65,4,3,1,2,1,1,1,1,1,1,2,1,5.72
M6 X F7,6,14,Hybrid,2,8,4,152,114,60,63,3,4,1,1,1,1,1,1,1,1,1,1,8.48
M6 X F8,6,15,Hybrid,1,2,4,116,48,62,66,4,5,3,2,1,1,2,3,1,1,1,2,4.71
M6 X F8,6,15,Hybrid,2,1,4,150,70,62,63,1,9,1,1,1,1,1,1,1,1,1,1,6.73
M6 X F9,6,16,Hybrid,1,6,4,146,58,60,67,7,3,3,1,1,1,2,3,2,1,1,2,4.39
M6 X F9,6,16,Hybrid,2,6,4,103,34,61,64,3,3,3,2,1,1,1,2,1,1,1,1,5.13
M6 X F10,6,17,Hybrid,1,8,4,126,52,60,62,2,5,3,1,1,1,1,2,1,2,1,2,4.84
M6 X F10,6,17,Hybrid,2,2,4,150,68,65,70,5,6,2,1,1,1,1,1,1,1,1,1,5.51
M7 X F1,7,8,Hybrid,1,2,4,151,66,54,58,4,1,1,2,1,1,2,2,1,1,1,2,5.84
M7 X F1,7,8,Hybrid,2,4,4,126,77,60,63,3,1,1,1,1,1,1,1,1,1,1,1,7.62
M7 X F2,7,9,Hybrid,1,2,4,94,37,62,66,4,4,3,2,1,1,1,3,1,1,1,1,3.11
M7 X F2,7,9,Hybrid,2,9,4,150,90,64,67,3,4,1,1,1,1,1,1,1,1,1,1,5.84
M7 X F5,7,12,Hybrid,1,4,4,145,60,62,66,4,3,3,2,1,1,3,3,3,1,1,2,3.48
M7 X F5,7,12,Hybrid,2,1,4,130,75,65,69,4,1,3,1,1,1,3,2,1,1,1,1,4.59
M7 X F9,7,16,Hybrid,1,7,4,164,99,55,58,3,,3,2,1,1,1,3,1,1,1,1,
M7 X F9,7,16,Hybrid,2,9,4,134,40,61,63,2,3,3,2,1,1,1,3,1,1,1,1,3.95
M7 X F10,7,17,Hybrid,1,8,4,153,63,59,64,5,10,1,2,1,1,1,1,1,1,1,2,7.66
M7 X F10,7,17,Hybrid,2,5,4,157,90,62,67,5,11,1,1,1,1,1,1,1,1,1,1,7.11
CH1,,,Check,1,2,4,139,61,60,64,4,2,3,2,1,1,2,3,1,1,1,2,3.4
CH1,,,Check,2,5,4,142,68,64,70,6,4,3,1,3,1,1,2,1,1,1,1,5.98
CH2,,,Check,1,2,4,137,45,57,61,4,2,3,2,1,1,3,3,2,1,2,2,3.92
CH2,,,Check,2,2,4,150,90,61,68,7,2,4,3,1,1,1,2,1,1,1,1,3.35
LC,,,Check,1,1,4,116,38,62,66,4,1,4,2,1,2,2,4,1,1,3,2,1.06
LC,,,Check,2,9,4,131,60,63,69,6,6,3,1,1,1,1,2,1,2,2,2,2.05
LC1,,,Check,1,3,4,124,41,61,66,5,3,3,2,1,1,2,3,1,1,1,2,2.65
LC1,,,Check,2,1,4,150,72,61,64,3,8,1,1,1,1,1,2,1,1,1,1,1.29
LC2,,,Check,1,4,4,90,30,62,65,3,2,4,1,1,5,1,3,1,1,1,2,1.69
LC2,,,Check,2,1,4,140,67,64,69,5,3,4,2,1,1,1,2,1,1,1,1,3.42
LC3,,,Check,1,7,4,125,58,61,65,4,4,4,2,1,1,2,3,1,1,1,1,2.92
LC3,,,Check,2,4,4,120,72,64,67,3,3,3,1,1,1,1,2,1,1,1,1,3.46
LC4,,,Check,1,6,4,107,43,58,63,5,4,3,2,1,1,2,3,1,1,1,2,2.59
LC4,,,Check,2,8,4,120,51,61,63,2,1,3,2,1,1,1,3,1,1,1,1,3.04
LC5,,,Check,1,7,4,125,51,61,64,3,,,,1,1,2,3,2,1,2,2,
LC5,,,Check,2,7,4,150,75,61,67,6,,,,1,1,1,2,1,3,1,1,
